{
  "type": "FeatureCollection",
  "features": [
    {
      "type": "Feature",
      "id": 1001,
      "geometry": {
        "type": "Polygon",
        "coordinates": [
          [
            [
              106.85005,
              -6.211691
            ],
            [
              106.850432,
              -6.211813
            ],
            [
              106.850756,
              -6.212082
            ],
            [
              106.850989,
              -6.212446
            ],
            [
              106.851128,
              -6.212843
            ],
            [
              106.851195,
              -6.213217
            ],
            [
              106.851228,
              -6.213529
            ],
            [
              106.85127,
              -6.213769
            ],
            [
              106.851352,
              -6.213952
            ],
            [
              106.851485,
              -6.214109
            ],
            [
              106.851656,
              -6.214272
            ],
            [
              106.851837,
              -6.214466
            ],
            [
              106.851995,
              -6.2147
            ],
            [
              106.8521,
              -6.214968
            ],
            [
              106.852139,
              -6.215256
            ],
            [
              106.852108,
              -6.215547
            ],
            [
              106.852018,
              -6.215829
            ],
            [
              106.85188,
              -6.216096
            ],
            [
              106.851707,
              -6.216347
            ],
            [
              106.851501,
              -6.21658
            ],
            [
              106.851263,
              -6.216789
            ],
            [
              106.850993,
              -6.216962
            ],
            [
              106.850692,
              -6.217084
            ],
            [
              106.850373,
              -6.217138
            ],
            [
              106.85005,
              -6.217119
            ],
            [
              106.849742,
              -6.217029
            ],
            [
              106.849461,
              -6.216885
            ],
            [
              106.849213,
              -6.216709
            ],
            [
              106.848993,
              -6.21652
            ],
            [
              106.848791,
              -6.216331
            ],
            [
              106.848596,
              -6.216145
            ],
            [
              106.848407,
              -6.215953
            ],
            [
              106.848233,
              -6.215743
            ],
            [
              106.848093,
              -6.215506
            ],
            [
              106.848009,
              -6.215244
            ],
            [
              106.847998,
              -6.214968
            ],
            [
              106.848063,
              -6.2147
            ],
            [
              106.848186,
              -6.214456
            ],
            [
              106.848338,
              -6.214244
            ],
            [
              106.848484,
              -6.214055
            ],
            [
              106.848597,
              -6.213866
            ],
            [
              106.848668,
              -6.213646
            ],
            [
              106.848712,
              -6.21337
            ],
            [
              106.848762,
              -6.213031
            ],
            [
              106.848858,
              -6.212648
            ],
            [
              106.849035,
              -6.212265
            ],
            [
              106.849307,
              -6.211942
            ],
            [
              106.849658,
              -6.211737
            ],
            [
              106.85005,
              -6.211691
            ]
          ]
        ]
      },
      "properties": {
        "id": 1001,
        "point_id": 11,
        "duration_min": 3
      }
    },
    {
      "type": "Feature",
      "id": 1002,
      "geometry": {
        "type": "Polygon",
        "coordinates": [
          [
            [
              106.85005,
              -6.212881
            ],
            [
              106.850293,
              -6.212865
            ],
            [
              106.850596,
              -6.212676
            ],
            [
              106.851022,
              -6.212366
            ],
            [
              106.851602,
              -6.212028
            ],
            [
              106.852317,
              -6.211762
            ],
            [
              106.853107,
              -6.211661
            ],
            [
              106.853877,
              -6.21178
            ],
            [
              106.854523,
              -6.212133
            ],
            [
              106.854951,
              -6.212682
            ],
            [
              106.855107,
              -6.213353
            ],
            [
              106.854979,
              -6.214055
            ],
            [
              106.854608,
              -6.2147
            ],
            [
              106.854073,
              -6.215226
            ],
            [
              106.85347,
              -6.215611
            ],
            [
              106.852895,
              -6.215872
            ],
            [
              106.852416,
              -6.216058
            ],
            [
              106.852065,
              -6.216237
            ],
            [
              106.851829,
              -6.216468
            ],
            [
              106.851663,
              -6.216789
            ],
            [
              106.851503,
              -6.217202
            ],
            [
              106.851288,
              -6.21767
            ],
            [
              106.850975,
              -6.218132
            ],
            [
              106.850555,
              -6.218511
            ],
            [
              106.85005,
              -6.21874
            ],
            [
              106.84951,
              -6.218777
            ],
            [
              106.848995,
              -6.218616
            ],
            [
              106.848556,
              -6.218287
            ],
            [
              106.848222,
              -6.217847
            ],
            [
              106.847993,
              -6.217365
            ],
            [
              106.847834,
              -6.216903
            ],
            [
              106.847693,
              -6.216498
            ],
            [
              106.847512,
              -6.216157
            ],
            [
              106.84725,
              -6.215853
            ],
            [
              106.846896,
              -6.21554
            ],
            [
              106.846474,
              -6.215168
            ],
            [
              106.846043,
              -6.2147
            ],
            [
              106.845685,
              -6.214129
            ],
            [
              106.845481,
              -6.213483
            ],
            [
              106.845493,
              -6.212824
            ],
            [
              106.845749,
              -6.212231
            ],
            [
              106.84623,
              -6.211786
            ],
            [
              106.846879,
              -6.211547
            ],
            [
              106.847607,
              -6.211535
            ],
            [
              106.848321,
              -6.211724
            ],
            [
              106.848945,
              -6.212047
            ],
            [
              106.849433,
              -6.212411
            ],
            [
              106.849787,
              -6.212716
            ],
            [
              106.85005,
              -6.212881
            ]
          ]
        ]
      },
      "properties": {
        "id": 1002,
        "point_id": 11,
        "duration_min": 5
      }
    },
    {
      "type": "Feature",
      "id": 1003,
      "geometry": {
        "type": "Polygon",
        "coordinates": [
          [
            [
              106.85005,
              -6.207305
            ],
            [
              106.850968,
              -6.207765
            ],
            [
              106.851832,
              -6.208087
            ],
            [
              106.852741,
              -6.208243
            ],
            [
              106.853759,
              -6.208314
            ],
            [
              106.85487,
              -6.208455
            ],
            [
              106.855962,
              -6.208823
            ],
            [
              106.856859,
              -6.209506
            ],
            [
              106.857388,
              -6.210489
            ],
            [
              106.857448,
              -6.211654
            ],
            [
              106.857063,
              -6.212832
            ],
            [
              106.85638,
              -6.213872
            ],
            [
              106.855626,
              -6.2147
            ],
            [
              106.855032,
              -6.215352
            ],
            [
              106.854748,
              -6.215951
            ],
            [
              106.854793,
              -6.216653
            ],
            [
              106.855052,
              -6.217571
            ],
            [
              106.85532,
              -6.21872
            ],
            [
              106.855381,
              -6.22
            ],
            [
              106.855085,
              -6.221224
            ],
            [
              106.854396,
              -6.222184
            ],
            [
              106.853396,
              -6.222731
            ],
            [
              106.85224,
              -6.222826
            ],
            [
              106.85109,
              -6.222556
            ],
            [
              106.85005,
              -6.222095
            ],
            [
              106.849132,
              -6.221635
            ],
            [
              106.848268,
              -6.221313
            ],
            [
              106.847359,
              -6.221157
            ],
            [
              106.846341,
              -6.221086
            ],
            [
              106.84523,
              -6.220945
            ],
            [
              106.844138,
              -6.220577
            ],
            [
              106.843241,
              -6.219894
            ],
            [
              106.842712,
              -6.218911
            ],
            [
              106.842652,
              -6.217746
            ],
            [
              106.843037,
              -6.216568
            ],
            [
              106.84372,
              -6.215528
            ],
            [
              106.844474,
              -6.2147
            ],
            [
              106.845068,
              -6.214048
            ],
            [
              106.845352,
              -6.213449
            ],
            [
              106.845307,
              -6.212747
            ],
            [
              106.845048,
              -6.211829
            ],
            [
              106.84478,
              -6.21068
            ],
            [
              106.844719,
              -6.2094
            ],
            [
              106.845015,
              -6.208176
            ],
            [
              106.845704,
              -6.207216
            ],
            [
              106.846704,
              -6.206669
            ],
            [
              106.84786,
              -6.206574
            ],
            [
              106.84901,
              -6.206844
            ],
            [
              106.85005,
              -6.207305
            ]
          ]
        ]
      },
      "properties": {
        "id": 1003,
        "point_id": 11,
        "duration_min": 10
      }
    },
    {
      "type": "Feature",
      "id": 1004,
      "geometry": {
        "type": "Polygon",
        "coordinates": [
          [
            [
              106.85048,
              -6.212638
            ],
            [
              106.850734,
              -6.212601
            ],
            [
              106.851005,
              -6.212572
            ],
            [
              106.851293,
              -6.212569
            ],
            [
              106.851588,
              -6.212612
            ],
            [
              106.851874,
              -6.212714
            ],
            [
              106.852128,
              -6.212881
            ],
            [
              106.852332,
              -6.213107
            ],
            [
              106.852473,
              -6.213376
            ],
            [
              106.852547,
              -6.213669
            ],
            [
              106.852561,
              -6.213966
            ],
            [
              106.852531,
              -6.214252
            ],
            [
              106.852476,
              -6.21452
            ],
            [
              106.852415,
              -6.214773
            ],
            [
              106.852359,
              -6.215021
            ],
            [
              106.85231,
              -6.215273
            ],
            [
              106.852259,
              -6.215541
            ],
            [
              106.852192,
              -6.215826
            ],
            [
              106.852089,
              -6.21612
            ],
            [
              106.851935,
              -6.216406
            ],
            [
              106.851722,
              -6.216658
            ],
            [
              106.851452,
              -6.216852
            ],
            [
              106.851139,
              -6.216965
            ],
            [
              106.850806,
              -6.216985
            ],
            [
              106.85048,
              -6.216913
            ],
            [
              106.850183,
              -6.216763
            ],
            [
              106.849931,
              -6.216558
            ],
            [
              106.849727,
              -6.216328
            ],
            [
              106.849562,
              -6.2161
            ],
            [
              106.84942,
              -6.215893
            ],
            [
              106.849279,
              -6.215714
            ],
            [
              106.84912,
              -6.215558
            ],
            [
              106.848932,
              -6.215409
            ],
            [
              106.848717,
              -6.215246
            ],
            [
              106.848489,
              -6.21505
            ],
            [
              106.848275,
              -6.214809
            ],
            [
              106.848102,
              -6.21452
            ],
            [
              106.848001,
              -6.214195
            ],
            [
              106.84799,
              -6.213857
            ],
            [
              106.848077,
              -6.213531
            ],
            [
              106.848256,
              -6.213243
            ],
            [
              106.848507,
              -6.213015
            ],
            [
              106.848804,
              -6.212854
            ],
            [
              106.849119,
              -6.212757
            ],
            [
              106.849429,
              -6.21271
            ],
            [
              106.849718,
              -6.212692
            ],
            [
              106.849985,
              -6.212683
            ],
            [
              106.850235,
              -6.212666
            ],
            [
              106.85048,
              -6.212638
            ]
          ]
        ]
      },
      "properties": {
        "id": 1004,
        "point_id": 12,
        "duration_min": 3
      }
    },
    {
      "type": "Feature",
      "id": 1005,
      "geometry": {
        "type": "Polygon",
        "coordinates": [
          [
            [
              106.85048,
              -6.211654
            ],
            [
              106.850859,
              -6.211657
            ],
            [
              106.851261,
              -6.211622
            ],
            [
              106.851712,
              -6.211563
            ],
            [
              106.852224,
              -6.211518
            ],
            [
              106.852784,
              -6.211535
            ],
            [
              106.853356,
              -6.211661
            ],
            [
              106.853885,
              -6.211923
            ],
            [
              106.854315,
              -6.212319
            ],
            [
              106.854602,
              -6.212823
            ],
            [
              106.854728,
              -6.213388
            ],
            [
              106.854704,
              -6.213967
            ],
            [
              106.854562,
              -6.21452
            ],
            [
              106.854344,
              -6.215026
            ],
            [
              106.854089,
              -6.215481
            ],
            [
              106.85382,
              -6.215895
            ],
            [
              106.853539,
              -6.216276
            ],
            [
              106.853238,
              -6.216624
            ],
            [
              106.852903,
              -6.216929
            ],
            [
              106.852528,
              -6.217173
            ],
            [
              106.852117,
              -6.217339
            ],
            [
              106.85169,
              -6.217424
            ],
            [
              106.851267,
              -6.217439
            ],
            [
              106.850863,
              -6.217414
            ],
            [
              106.85048,
              -6.217386
            ],
            [
              106.850101,
              -6.217383
            ],
            [
              106.849699,
              -6.217418
            ],
            [
              106.849248,
              -6.217477
            ],
            [
              106.848736,
              -6.217522
            ],
            [
              106.848176,
              -6.217505
            ],
            [
              106.847604,
              -6.217379
            ],
            [
              106.847075,
              -6.217117
            ],
            [
              106.846645,
              -6.216721
            ],
            [
              106.846358,
              -6.216217
            ],
            [
              106.846232,
              -6.215652
            ],
            [
              106.846256,
              -6.215073
            ],
            [
              106.846398,
              -6.21452
            ],
            [
              106.846616,
              -6.214014
            ],
            [
              106.846871,
              -6.213559
            ],
            [
              106.84714,
              -6.213145
            ],
            [
              106.847421,
              -6.212764
            ],
            [
              106.847722,
              -6.212416
            ],
            [
              106.848057,
              -6.212111
            ],
            [
              106.848432,
              -6.211867
            ],
            [
              106.848843,
              -6.211701
            ],
            [
              106.84927,
              -6.211616
            ],
            [
              106.849693,
              -6.211601
            ],
            [
              106.850097,
              -6.211626
            ],
            [
              106.85048,
              -6.211654
            ]
          ]
        ]
      },
      "properties": {
        "id": 1005,
        "point_id": 12,
        "duration_min": 5
      }
    },
    {
      "type": "Feature",
      "id": 1006,
      "geometry": {
        "type": "Polygon",
        "coordinates": [
          [
            [
              106.85048,
              -6.209535
            ],
            [
              106.851114,
              -6.209736
            ],
            [
              106.851779,
              -6.2097
            ],
            [
              106.852577,
              -6.209488
            ],
            [
              106.853558,
              -6.20922
            ],
            [
              106.854709,
              -6.209041
            ],
            [
              106.855947,
              -6.209085
            ],
            [
              106.85714,
              -6.209439
            ],
            [
              106.858141,
              -6.210123
            ],
            [
              106.858818,
              -6.211087
            ],
            [
              106.859092,
              -6.212226
            ],
            [
              106.858957,
              -6.213411
            ],
            [
              106.858475,
              -6.21452
            ],
            [
              106.857765,
              -6.215473
            ],
            [
              106.856969,
              -6.216248
            ],
            [
              106.856216,
              -6.216882
            ],
            [
              106.855592,
              -6.217454
            ],
            [
              106.85512,
              -6.21806
            ],
            [
              106.854761,
              -6.218776
            ],
            [
              106.854426,
              -6.219633
            ],
            [
              106.85401,
              -6.220598
            ],
            [
              106.853423,
              -6.221582
            ],
            [
              106.852618,
              -6.222454
            ],
            [
              106.851613,
              -6.223074
            ],
            [
              106.85048,
              -6.22333
            ],
            [
              106.849335,
              -6.223166
            ],
            [
              106.848303,
              -6.222598
            ],
            [
              106.847484,
              -6.221711
            ],
            [
              106.846926,
              -6.220639
            ],
            [
              106.846613,
              -6.21953
            ],
            [
              106.846461,
              -6.218515
            ],
            [
              106.846351,
              -6.21767
            ],
            [
              106.846151,
              -6.217005
            ],
            [
              106.845762,
              -6.216463
            ],
            [
              106.845145,
              -6.215941
            ],
            [
              106.844334,
              -6.215324
            ],
            [
              106.843436,
              -6.21452
            ],
            [
              106.842606,
              -6.21349
            ],
            [
              106.842013,
              -6.212265
            ],
            [
              106.841797,
              -6.210944
            ],
            [
              106.842036,
              -6.209674
            ],
            [
              106.842731,
              -6.208609
            ],
            [
              106.8438,
              -6.207879
            ],
            [
              106.845103,
              -6.207553
            ],
            [
              106.846474,
              -6.207623
            ],
            [
              106.847765,
              -6.208003
            ],
            [
              106.848872,
              -6.208553
            ],
            [
              106.849764,
              -6.209111
            ],
            [
              106.85048,
              -6.209535
            ]
          ]
        ]
      },
      "properties": {
        "id": 1006,
        "point_id": 12,
        "duration_min": 10
      }
    },
    {
      "type": "Feature",
      "id": 1007,
      "geometry": {
        "type": "Polygon",
        "coordinates": [
          [
            [
              106.85052,
              -6.21346
            ],
            [
              106.85077,
              -6.213435
            ],
            [
              106.851046,
              -6.21337
            ],
            [
              106.851362,
              -6.213299
            ],
            [
              106.851707,
              -6.213276
            ],
            [
              106.852046,
              -6.213343
            ],
            [
              106.852329,
              -6.213521
            ],
            [
              106.852513,
              -6.2138
            ],
            [
              106.852575,
              -6.214141
            ],
            [
              106.852528,
              -6.214493
            ],
            [
              106.852417,
              -6.214815
            ],
            [
              106.8523,
              -6.215087
            ],
            [
              106.852233,
              -6.21532
            ],
            [
              106.852245,
              -6.215546
            ],
            [
              106.852328,
              -6.215802
            ],
            [
              106.852439,
              -6.21611
            ],
            [
              106.852518,
              -6.216467
            ],
            [
              106.852507,
              -6.216836
            ],
            [
              106.852375,
              -6.217164
            ],
            [
              106.852122,
              -6.217396
            ],
            [
              106.851785,
              -6.217499
            ],
            [
              106.851418,
              -6.217474
            ],
            [
              106.85107,
              -6.217359
            ],
            [
              106.85077,
              -6.217211
            ],
            [
              106.85052,
              -6.217091
            ],
            [
              106.850293,
              -6.217037
            ],
            [
              106.850052,
              -6.217056
            ],
            [
              106.849771,
              -6.217117
            ],
            [
              106.849446,
              -6.21717
            ],
            [
              106.8491,
              -6.21716
            ],
            [
              106.848778,
              -6.217051
            ],
            [
              106.84853,
              -6.216838
            ],
            [
              106.848387,
              -6.216544
            ],
            [
              106.848355,
              -6.216212
            ],
            [
              106.848407,
              -6.215883
            ],
            [
              106.848499,
              -6.215585
            ],
            [
              106.848581,
              -6.21532
            ],
            [
              106.848622,
              -6.215072
            ],
            [
              106.84862,
              -6.214814
            ],
            [
              106.848598,
              -6.214529
            ],
            [
              106.8486,
              -6.214218
            ],
            [
              106.848667,
              -6.213907
            ],
            [
              106.848823,
              -6.213633
            ],
            [
              106.849066,
              -6.213436
            ],
            [
              106.849367,
              -6.213336
            ],
            [
              106.849689,
              -6.213325
            ],
            [
              106.849995,
              -6.213373
            ],
            [
              106.85027,
              -6.213432
            ],
            [
              106.85052,
              -6.21346
            ]
          ]
        ]
      },
      "properties": {
        "id": 1007,
        "point_id": 13,
        "duration_min": 3
      }
    },
    {
      "type": "Feature",
      "id": 1008,
      "geometry": {
        "type": "Polygon",
        "coordinates": [
          [
            [
              106.85052,
              -6.21252
            ],
            [
              106.850901,
              -6.212442
            ],
            [
              106.851347,
              -6.212251
            ],
            [
              106.851897,
              -6.212015
            ],
            [
              106.852542,
              -6.211838
            ],
            [
              106.85322,
              -6.211822
            ],
            [
              106.853827,
              -6.212033
            ],
            [
              106.854251,
              -6.212474
            ],
            [
              106.854416,
              -6.213084
            ],
            [
              106.854305,
              -6.213762
            ],
            [
              106.853977,
              -6.214399
            ],
            [
              106.853551,
              -6.214923
            ],
            [
              106.853165,
              -6.21532
            ],
            [
              106.852932,
              -6.215636
            ],
            [
              106.852903,
              -6.215955
            ],
            [
              106.853049,
              -6.216362
            ],
            [
              106.853277,
              -6.216903
            ],
            [
              106.85346,
              -6.217563
            ],
            [
              106.853482,
              -6.218265
            ],
            [
              106.853279,
              -6.218895
            ],
            [
              106.852855,
              -6.21934
            ],
            [
              106.852274,
              -6.21953
            ],
            [
              106.851635,
              -6.219458
            ],
            [
              106.851031,
              -6.219182
            ],
            [
              106.85052,
              -6.218805
            ],
            [
              106.850107,
              -6.218437
            ],
            [
              106.849755,
              -6.218157
            ],
            [
              106.849407,
              -6.217992
            ],
            [
              106.849014,
              -6.217914
            ],
            [
              106.848561,
              -6.217858
            ],
            [
              106.848074,
              -6.217752
            ],
            [
              106.847607,
              -6.217542
            ],
            [
              106.847221,
              -6.217213
            ],
            [
              106.846959,
              -6.216786
            ],
            [
              106.846829,
              -6.216303
            ],
            [
              106.846805,
              -6.215806
            ],
            [
              106.846843,
              -6.21532
            ],
            [
              106.846901,
              -6.214846
            ],
            [
              106.846962,
              -6.214372
            ],
            [
              106.847038,
              -6.213886
            ],
            [
              106.847166,
              -6.213395
            ],
            [
              106.847388,
              -6.212931
            ],
            [
              106.847729,
              -6.212546
            ],
            [
              106.848181,
              -6.212289
            ],
            [
              106.848701,
              -6.212188
            ],
            [
              106.849231,
              -6.212228
            ],
            [
              106.84972,
              -6.212351
            ],
            [
              106.850143,
              -6.212475
            ],
            [
              106.85052,
              -6.21252
            ]
          ]
        ]
      },
      "properties": {
        "id": 1008,
        "point_id": 13,
        "duration_min": 5
      }
    },
    {
      "type": "Feature",
      "id": 1009,
      "geometry": {
        "type": "Polygon",
        "coordinates": [
          [
            [
              106.85052,
              -6.207817
            ],
            [
              106.851539,
              -6.207628
            ],
            [
              106.852573,
              -6.207703
            ],
            [
              106.853542,
              -6.208068
            ],
            [
              106.854371,
              -6.208689
            ],
            [
              106.855024,
              -6.209485
            ],
            [
              106.855512,
              -6.210357
            ],
            [
              106.855893,
              -6.211222
            ],
            [
              106.856241,
              -6.212037
            ],
            [
              106.856616,
              -6.21281
            ],
            [
              106.857035,
              -6.213584
            ],
            [
              106.857464,
              -6.214411
            ],
            [
              106.857819,
              -6.21532
            ],
            [
              106.858007,
              -6.2163
            ],
            [
              106.85795,
              -6.217299
            ],
            [
              106.85762,
              -6.218243
            ],
            [
              106.857044,
              -6.219065
            ],
            [
              106.856299,
              -6.219728
            ],
            [
              106.855476,
              -6.220247
            ],
            [
              106.854652,
              -6.220673
            ],
            [
              106.853863,
              -6.221076
            ],
            [
              106.853098,
              -6.221508
            ],
            [
              106.852315,
              -6.221979
            ],
            [
              106.851464,
              -6.222446
            ],
            [
              106.85052,
              -6.222823
            ],
            [
              106.849501,
              -6.223012
            ],
            [
              106.848467,
              -6.222937
            ],
            [
              106.847498,
              -6.222572
            ],
            [
              106.846669,
              -6.221951
            ],
            [
              106.846016,
              -6.221155
            ],
            [
              106.845528,
              -6.220283
            ],
            [
              106.845147,
              -6.219418
            ],
            [
              106.844799,
              -6.218603
            ],
            [
              106.844424,
              -6.21783
            ],
            [
              106.844005,
              -6.217056
            ],
            [
              106.843576,
              -6.216229
            ],
            [
              106.843221,
              -6.21532
            ],
            [
              106.843033,
              -6.21434
            ],
            [
              106.84309,
              -6.213341
            ],
            [
              106.84342,
              -6.212397
            ],
            [
              106.843996,
              -6.211575
            ],
            [
              106.844741,
              -6.210912
            ],
            [
              106.845564,
              -6.210393
            ],
            [
              106.846388,
              -6.209967
            ],
            [
              106.847177,
              -6.209564
            ],
            [
              106.847942,
              -6.209132
            ],
            [
              106.848725,
              -6.208661
            ],
            [
              106.849576,
              -6.208194
            ],
            [
              106.85052,
              -6.207817
            ]
          ]
        ]
      },
      "properties": {
        "id": 1009,
        "point_id": 13,
        "duration_min": 10
      }
    },
    {
      "type": "Feature",
      "id": 1010,
      "geometry": {
        "type": "Polygon",
        "coordinates": [
          [
            [
              106.8224,
              -6.19955
            ],
            [
              106.822692,
              -6.199793
            ],
            [
              106.822926,
              -6.200047
            ],
            [
              106.823122,
              -6.200268
            ],
            [
              106.823308,
              -6.200437
            ],
            [
              106.823512,
              -6.200559
            ],
            [
              106.823744,
              -6.200663
            ],
            [
              106.823996,
              -6.200783
            ],
            [
              106.824239,
              -6.200945
            ],
            [
              106.824438,
              -6.201161
            ],
            [
              106.824567,
              -6.201423
            ],
            [
              106.824611,
              -6.201711
            ],
            [
              106.824578,
              -6.202
            ],
            [
              106.824491,
              -6.202274
            ],
            [
              106.824378,
              -6.202527
            ],
            [
              106.824261,
              -6.202766
            ],
            [
              106.82415,
              -6.203004
            ],
            [
              106.824038,
              -6.20325
            ],
            [
              106.82391,
              -6.203502
            ],
            [
              106.823748,
              -6.203746
            ],
            [
              106.823539,
              -6.203962
            ],
            [
              106.823286,
              -6.204127
            ],
            [
              106.823,
              -6.204228
            ],
            [
              106.8227,
              -6.204264
            ],
            [
              106.8224,
              -6.204247
            ],
            [
              106.822109,
              -6.204197
            ],
            [
              106.821826,
              -6.204131
            ],
            [
              106.821544,
              -6.204055
            ],
            [
              106.821259,
              -6.203964
            ],
            [
              106.820979,
              -6.203841
            ],
            [
              106.820721,
              -6.203669
            ],
            [
              106.820513,
              -6.203439
            ],
            [
              106.820385,
              -6.203157
            ],
            [
              106.820352,
              -6.202843
            ],
            [
              106.820412,
              -6.20253
            ],
            [
              106.820538,
              -6.202244
            ],
            [
              106.820687,
              -6.202
            ],
            [
              106.820812,
              -6.201792
            ],
            [
              106.820879,
              -6.201595
            ],
            [
              106.820877,
              -6.201373
            ],
            [
              106.820827,
              -6.201097
            ],
            [
              106.82077,
              -6.200756
            ],
            [
              106.820759,
              -6.200368
            ],
            [
              106.820838,
              -6.199976
            ],
            [
              106.821028,
              -6.199637
            ],
            [
              106.821319,
              -6.199406
            ],
            [
              106.821677,
              -6.199318
            ],
            [
              106.822052,
              -6.199375
            ],
            [
              106.8224,
              -6.19955
            ]
          ]
        ]
      },
      "properties": {
        "id": 1010,
        "point_id": 21,
        "duration_min": 3
      }
    },
    {
      "type": "Feature",
      "id": 1011,
      "geometry": {
        "type": "Polygon",
        "coordinates": [
          [
            [
              106.8224,
              -6.199045
            ],
            [
              106.822786,
              -6.199087
            ],
            [
              106.823178,
              -6.199114
            ],
            [
              106.823591,
              -6.199141
            ],
            [
              106.824031,
              -6.199191
            ],
            [
              106.824492,
              -6.19929
            ],
            [
              106.824954,
              -6.199461
            ],
            [
              106.825391,
              -6.199718
            ],
            [
              106.825774,
              -6.200063
            ],
            [
              106.826075,
              -6.200487
            ],
            [
              106.826277,
              -6.200967
            ],
            [
              106.826371,
              -6.20148
            ],
            [
              106.826361,
              -6.202
            ],
            [
              106.826262,
              -6.202505
            ],
            [
              106.826089,
              -6.202983
            ],
            [
              106.825862,
              -6.203426
            ],
            [
              106.825595,
              -6.203834
            ],
            [
              106.825295,
              -6.204208
            ],
            [
              106.824966,
              -6.204551
            ],
            [
              106.824606,
              -6.204859
            ],
            [
              106.824214,
              -6.205123
            ],
            [
              106.823789,
              -6.205333
            ],
            [
              106.823337,
              -6.205476
            ],
            [
              106.822869,
              -6.205541
            ],
            [
              106.8224,
              -6.205524
            ],
            [
              106.821946,
              -6.205427
            ],
            [
              106.821521,
              -6.205262
            ],
            [
              106.821131,
              -6.205045
            ],
            [
              106.820777,
              -6.204794
            ],
            [
              106.820451,
              -6.204525
            ],
            [
              106.82014,
              -6.204246
            ],
            [
              106.819833,
              -6.203958
            ],
            [
              106.819521,
              -6.203652
            ],
            [
              106.819207,
              -6.203315
            ],
            [
              106.818902,
              -6.202932
            ],
            [
              106.81863,
              -6.202493
            ],
            [
              106.818421,
              -6.202
            ],
            [
              106.818305,
              -6.201464
            ],
            [
              106.818308,
              -6.20091
            ],
            [
              106.818444,
              -6.200371
            ],
            [
              106.81871,
              -6.199882
            ],
            [
              106.819091,
              -6.199476
            ],
            [
              106.819557,
              -6.199173
            ],
            [
              106.82007,
              -6.198982
            ],
            [
              106.820595,
              -6.198892
            ],
            [
              106.821101,
              -6.198883
            ],
            [
              106.821571,
              -6.198924
            ],
            [
              106.822001,
              -6.198986
            ],
            [
              106.8224,
              -6.199045
            ]
          ]
        ]
      },
      "properties": {
        "id": 1011,
        "point_id": 21,
        "duration_min": 5
      }
    },
    {
      "type": "Feature",
      "id": 1012,
      "geometry": {
        "type": "Polygon",
        "coordinates": [
          [
            [
              106.8224,
              -6.194566
            ],
            [
              106.823266,
              -6.195458
            ],
            [
              106.823878,
              -6.196516
            ],
            [
              106.824298,
              -6.197445
            ],
            [
              106.824707,
              -6.198028
            ],
            [
              106.825327,
              -6.198208
            ],
            [
              106.82632,
              -6.198102
            ],
            [
              106.827705,
              -6.197954
            ],
            [
              106.829321,
              -6.198028
            ],
            [
              106.830874,
              -6.19851
            ],
            [
              106.832031,
              -6.199434
            ],
            [
              106.832532,
              -6.200674
            ],
            [
              106.832288,
              -6.202
            ],
            [
              106.831407,
              -6.203179
            ],
            [
              106.830155,
              -6.204066
            ],
            [
              106.828857,
              -6.204659
            ],
            [
              106.827784,
              -6.20509
            ],
            [
              106.827062,
              -6.205556
            ],
            [
              106.826646,
              -6.206221
            ],
            [
              106.826361,
              -6.207132
            ],
            [
              106.825992,
              -6.208186
            ],
            [
              106.825383,
              -6.209159
            ],
            [
              106.8245,
              -6.209792
            ],
            [
              106.823446,
              -6.209896
            ],
            [
              106.8224,
              -6.209434
            ],
            [
              106.821534,
              -6.208542
            ],
            [
              106.820922,
              -6.207484
            ],
            [
              106.820502,
              -6.206555
            ],
            [
              106.820093,
              -6.205972
            ],
            [
              106.819473,
              -6.205792
            ],
            [
              106.81848,
              -6.205898
            ],
            [
              106.817095,
              -6.206046
            ],
            [
              106.815479,
              -6.205972
            ],
            [
              106.813926,
              -6.20549
            ],
            [
              106.812769,
              -6.204566
            ],
            [
              106.812268,
              -6.203326
            ],
            [
              106.812512,
              -6.202
            ],
            [
              106.813393,
              -6.200821
            ],
            [
              106.814645,
              -6.199934
            ],
            [
              106.815943,
              -6.199341
            ],
            [
              106.817016,
              -6.19891
            ],
            [
              106.817738,
              -6.198444
            ],
            [
              106.818154,
              -6.197779
            ],
            [
              106.818439,
              -6.196868
            ],
            [
              106.818808,
              -6.195814
            ],
            [
              106.819417,
              -6.194841
            ],
            [
              106.8203,
              -6.194208
            ],
            [
              106.821354,
              -6.194104
            ],
            [
              106.8224,
              -6.194566
            ]
          ]
        ]
      },
      "properties": {
        "id": 1012,
        "point_id": 21,
        "duration_min": 10
      }
    },
    {
      "type": "Feature",
      "id": 1013,
      "geometry": {
        "type": "Polygon",
        "coordinates": [
          [
            [
              106.82292,
              -6.20006
            ],
            [
              106.82319,
              -6.20012
            ],
            [
              106.823459,
              -6.200159
            ],
            [
              106.823742,
              -6.200187
            ],
            [
              106.82404,
              -6.200232
            ],
            [
              106.824334,
              -6.200328
            ],
            [
              106.824592,
              -6.200498
            ],
            [
              106.824779,
              -6.200742
            ],
            [
              106.824871,
              -6.20104
            ],
            [
              106.824871,
              -6.201356
            ],
            [
              106.82481,
              -6.201657
            ],
            [
              106.824735,
              -6.201922
            ],
            [
              106.824694,
              -6.20216
            ],
            [
              106.824716,
              -6.202395
            ],
            [
              106.824799,
              -6.20266
            ],
            [
              106.824907,
              -6.202978
            ],
            [
              106.824983,
              -6.203344
            ],
            [
              106.82497,
              -6.203724
            ],
            [
              106.824833,
              -6.204062
            ],
            [
              106.82457,
              -6.204298
            ],
            [
              106.824216,
              -6.204391
            ],
            [
              106.823827,
              -6.204337
            ],
            [
              106.823462,
              -6.204172
            ],
            [
              106.823159,
              -6.203962
            ],
            [
              106.82292,
              -6.203781
            ],
            [
              106.822718,
              -6.203688
            ],
            [
              106.822505,
              -6.203701
            ],
            [
              106.822238,
              -6.203797
            ],
            [
              106.821898,
              -6.203919
            ],
            [
              106.821504,
              -6.203994
            ],
            [
              106.821105,
              -6.203964
            ],
            [
              106.820768,
              -6.203802
            ],
            [
              106.820552,
              -6.203519
            ],
            [
              106.820489,
              -6.203161
            ],
            [
              106.820567,
              -6.202787
            ],
            [
              106.820743,
              -6.202445
            ],
            [
              106.82095,
              -6.20216
            ],
            [
              106.821127,
              -6.201925
            ],
            [
              106.821236,
              -6.201711
            ],
            [
              106.821275,
              -6.201483
            ],
            [
              106.821274,
              -6.201215
            ],
            [
              106.821282,
              -6.200911
            ],
            [
              106.821346,
              -6.200595
            ],
            [
              106.821493,
              -6.200311
            ],
            [
              106.821722,
              -6.200098
            ],
            [
              106.822012,
              -6.19998
            ],
            [
              106.822325,
              -6.199954
            ],
            [
              106.822633,
              -6.199994
            ],
            [
              106.82292,
              -6.20006
            ]
          ]
        ]
      },
      "properties": {
        "id": 1013,
        "point_id": 22,
        "duration_min": 3
      }
    },
    {
      "type": "Feature",
      "id": 1014,
      "geometry": {
        "type": "Polygon",
        "coordinates": [
          [
            [
              106.82292,
              -6.198653
            ],
            [
              106.823398,
              -6.198552
            ],
            [
              106.823931,
              -6.198411
            ],
            [
              106.824533,
              -6.198288
            ],
            [
              106.825181,
              -6.198267
            ],
            [
              106.825806,
              -6.198421
            ],
            [
              106.826316,
              -6.198784
            ],
            [
              106.826627,
              -6.199332
            ],
            [
              106.826691,
              -6.199996
            ],
            [
              106.826522,
              -6.200677
            ],
            [
              106.826194,
              -6.201288
            ],
            [
              106.825815,
              -6.201781
            ],
            [
              106.825498,
              -6.20216
            ],
            [
              106.825317,
              -6.202474
            ],
            [
              106.825291,
              -6.202792
            ],
            [
              106.825376,
              -6.203171
            ],
            [
              106.825485,
              -6.203632
            ],
            [
              106.825525,
              -6.204147
            ],
            [
              106.82543,
              -6.204655
            ],
            [
              106.825177,
              -6.205084
            ],
            [
              106.824792,
              -6.205383
            ],
            [
              106.82433,
              -6.205544
            ],
            [
              106.823848,
              -6.205603
            ],
            [
              106.823379,
              -6.205623
            ],
            [
              106.82292,
              -6.205667
            ],
            [
              106.822442,
              -6.205768
            ],
            [
              106.821909,
              -6.205909
            ],
            [
              106.821307,
              -6.206032
            ],
            [
              106.820659,
              -6.206053
            ],
            [
              106.820034,
              -6.205899
            ],
            [
              106.819524,
              -6.205536
            ],
            [
              106.819213,
              -6.204988
            ],
            [
              106.819149,
              -6.204324
            ],
            [
              106.819318,
              -6.203643
            ],
            [
              106.819646,
              -6.203032
            ],
            [
              106.820025,
              -6.202539
            ],
            [
              106.820342,
              -6.20216
            ],
            [
              106.820523,
              -6.201846
            ],
            [
              106.820549,
              -6.201528
            ],
            [
              106.820464,
              -6.201149
            ],
            [
              106.820355,
              -6.200688
            ],
            [
              106.820315,
              -6.200173
            ],
            [
              106.82041,
              -6.199665
            ],
            [
              106.820663,
              -6.199236
            ],
            [
              106.821048,
              -6.198937
            ],
            [
              106.82151,
              -6.198776
            ],
            [
              106.821992,
              -6.198717
            ],
            [
              106.822461,
              -6.198697
            ],
            [
              106.82292,
              -6.198653
            ]
          ]
        ]
      },
      "properties": {
        "id": 1014,
        "point_id": 22,
        "duration_min": 5
      }
    },
    {
      "type": "Feature",
      "id": 1015,
      "geometry": {
        "type": "Polygon",
        "coordinates": [
          [
            [
              106.82292,
              -6.196208
            ],
            [
              106.823628,
              -6.196814
            ],
            [
              106.824269,
              -6.197153
            ],
            [
              106.824988,
              -6.197198
            ],
            [
              106.825892,
              -6.197043
            ],
            [
              106.827,
              -6.196874
            ],
            [
              106.828216,
              -6.196895
            ],
            [
              106.829354,
              -6.197252
            ],
            [
              106.830199,
              -6.197982
            ],
            [
              106.830588,
              -6.199003
            ],
            [
              106.830475,
              -6.200148
            ],
            [
              106.829955,
              -6.201239
            ],
            [
              106.829238,
              -6.20216
            ],
            [
              106.828574,
              -6.2029
            ],
            [
              106.828167,
              -6.203558
            ],
            [
              106.828104,
              -6.204295
            ],
            [
              106.828319,
              -6.205259
            ],
            [
              106.828624,
              -6.206511
            ],
            [
              106.828777,
              -6.207983
            ],
            [
              106.828569,
              -6.209479
            ],
            [
              106.827902,
              -6.210739
            ],
            [
              106.826818,
              -6.211516
            ],
            [
              106.825481,
              -6.211662
            ],
            [
              106.824115,
              -6.21118
            ],
            [
              106.82292,
              -6.210221
            ],
            [
              106.82201,
              -6.20903
            ],
            [
              106.82138,
              -6.207874
            ],
            [
              106.820923,
              -6.206952
            ],
            [
              106.820488,
              -6.206348
            ],
            [
              106.819941,
              -6.206019
            ],
            [
              106.819224,
              -6.205835
            ],
            [
              106.818368,
              -6.205632
            ],
            [
              106.817478,
              -6.205284
            ],
            [
              106.816681,
              -6.204729
            ],
            [
              106.816077,
              -6.203983
            ],
            [
              106.815701,
              -6.203105
            ],
            [
              106.815523,
              -6.20216
            ],
            [
              106.815473,
              -6.201185
            ],
            [
              106.815487,
              -6.20018
            ],
            [
              106.815544,
              -6.199123
            ],
            [
              106.815684,
              -6.198007
            ],
            [
              106.815989,
              -6.196873
            ],
            [
              106.816542,
              -6.195819
            ],
            [
              106.817383,
              -6.194987
            ],
            [
              106.818477,
              -6.19451
            ],
            [
              106.819714,
              -6.194466
            ],
            [
              106.820945,
              -6.194831
            ],
            [
              106.822035,
              -6.195478
            ],
            [
              106.82292,
              -6.196208
            ]
          ]
        ]
      },
      "properties": {
        "id": 1015,
        "point_id": 22,
        "duration_min": 10
      }
    },
    {
      "type": "Feature",
      "id": 1016,
      "geometry": {
        "type": "Polygon",
        "coordinates": [
          [
            [
              106.82248,
              -6.200054
            ],
            [
              106.822813,
              -6.200128
            ],
            [
              106.823104,
              -6.200324
            ],
            [
              106.823329,
              -6.200603
            ],
            [
              106.823484,
              -6.200912
            ],
            [
              106.823594,
              -6.201197
            ],
            [
              106.823702,
              -6.201425
            ],
            [
              106.823851,
              -6.201594
            ],
            [
              106.824064,
              -6.201731
            ],
            [
              106.824334,
              -6.201876
            ],
            [
              106.824619,
              -6.20207
            ],
            [
              106.824858,
              -6.202329
            ],
            [
              106.824989,
              -6.20264
            ],
            [
              106.824974,
              -6.202966
            ],
            [
              106.824811,
              -6.203261
            ],
            [
              106.824537,
              -6.203487
            ],
            [
              106.824214,
              -6.203635
            ],
            [
              106.823907,
              -6.203728
            ],
            [
              106.823661,
              -6.203815
            ],
            [
              106.823489,
              -6.203947
            ],
            [
              106.823364,
              -6.204162
            ],
            [
              106.823239,
              -6.204462
            ],
            [
              106.823065,
              -6.204809
            ],
            [
              106.822811,
              -6.205138
            ],
            [
              106.82248,
              -6.205371
            ],
            [
              106.822108,
              -6.205452
            ],
            [
              106.821748,
              -6.205357
            ],
            [
              106.821453,
              -6.205105
            ],
            [
              106.821254,
              -6.20475
            ],
            [
              106.82115,
              -6.204363
            ],
            [
              106.821109,
              -6.204003
            ],
            [
              106.821081,
              -6.203707
            ],
            [
              106.821022,
              -6.203477
            ],
            [
              106.820907,
              -6.203288
            ],
            [
              106.820744,
              -6.203103
            ],
            [
              106.820564,
              -6.202891
            ],
            [
              106.820415,
              -6.20264
            ],
            [
              106.820338,
              -6.20236
            ],
            [
              106.820353,
              -6.202073
            ],
            [
              106.820456,
              -6.201806
            ],
            [
              106.82062,
              -6.201573
            ],
            [
              106.820812,
              -6.201367
            ],
            [
              106.821004,
              -6.201172
            ],
            [
              106.821188,
              -6.200966
            ],
            [
              106.821374,
              -6.200736
            ],
            [
              106.821585,
              -6.200493
            ],
            [
              106.821841,
              -6.200268
            ],
            [
              106.822145,
              -6.200108
            ],
            [
              106.82248,
              -6.200054
            ]
          ]
        ]
      },
      "properties": {
        "id": 1016,
        "point_id": 23,
        "duration_min": 3
      }
    },
    {
      "type": "Feature",
      "id": 1017,
      "geometry": {
        "type": "Polygon",
        "coordinates": [
          [
            [
              106.82248,
              -6.198976
            ],
            [
              106.823,
              -6.198713
            ],
            [
              106.8236,
              -6.198485
            ],
            [
              106.824262,
              -6.198363
            ],
            [
              106.824932,
              -6.198418
            ],
            [
              106.82553,
              -6.198688
            ],
            [
              106.825974,
              -6.199167
            ],
            [
              106.826204,
              -6.199799
            ],
            [
              106.826207,
              -6.200501
            ],
            [
              106.82602,
              -6.201182
            ],
            [
              106.825721,
              -6.201777
            ],
            [
              106.825405,
              -6.202257
            ],
            [
              106.82515,
              -6.20264
            ],
            [
              106.825,
              -6.20297
            ],
            [
              106.82495,
              -6.203298
            ],
            [
              106.824955,
              -6.203659
            ],
            [
              106.824951,
              -6.204058
            ],
            [
              106.824882,
              -6.204472
            ],
            [
              106.824715,
              -6.204862
            ],
            [
              106.824451,
              -6.205193
            ],
            [
              106.824115,
              -6.205455
            ],
            [
              106.823739,
              -6.205662
            ],
            [
              106.823346,
              -6.205852
            ],
            [
              106.822933,
              -6.20606
            ],
            [
              106.82248,
              -6.206304
            ],
            [
              106.82196,
              -6.206567
            ],
            [
              106.82136,
              -6.206795
            ],
            [
              106.820698,
              -6.206917
            ],
            [
              106.820028,
              -6.206862
            ],
            [
              106.81943,
              -6.206592
            ],
            [
              106.818986,
              -6.206113
            ],
            [
              106.818756,
              -6.205481
            ],
            [
              106.818753,
              -6.204779
            ],
            [
              106.81894,
              -6.204098
            ],
            [
              106.819239,
              -6.203503
            ],
            [
              106.819555,
              -6.203023
            ],
            [
              106.81981,
              -6.20264
            ],
            [
              106.81996,
              -6.20231
            ],
            [
              106.82001,
              -6.201982
            ],
            [
              106.820005,
              -6.201621
            ],
            [
              106.820009,
              -6.201222
            ],
            [
              106.820078,
              -6.200808
            ],
            [
              106.820245,
              -6.200418
            ],
            [
              106.820509,
              -6.200087
            ],
            [
              106.820845,
              -6.199825
            ],
            [
              106.821221,
              -6.199618
            ],
            [
              106.821614,
              -6.199428
            ],
            [
              106.822027,
              -6.19922
            ],
            [
              106.82248,
              -6.198976
            ]
          ]
        ]
      },
      "properties": {
        "id": 1017,
        "point_id": 23,
        "duration_min": 5
      }
    },
    {
      "type": "Feature",
      "id": 1018,
      "geometry": {
        "type": "Polygon",
        "coordinates": [
          [
            [
              106.82248,
              -6.197073
            ],
            [
              106.823261,
              -6.196746
            ],
            [
              106.824184,
              -6.196317
            ],
            [
              106.825264,
              -6.195958
            ],
            [
              106.82643,
              -6.195839
            ],
            [
              106.827547,
              -6.196076
            ],
            [
              106.828469,
              -6.196686
            ],
            [
              106.829093,
              -6.197595
            ],
            [
              106.829397,
              -6.19867
            ],
            [
              106.82945,
              -6.19977
            ],
            [
              106.829381,
              -6.200802
            ],
            [
              106.829326,
              -6.201744
            ],
            [
              106.829369,
              -6.20264
            ],
            [
              106.829512,
              -6.20356
            ],
            [
              106.829671,
              -6.204556
            ],
            [
              106.829709,
              -6.205617
            ],
            [
              106.829495,
              -6.206666
            ],
            [
              106.828955,
              -6.207579
            ],
            [
              106.828106,
              -6.208233
            ],
            [
              106.82705,
              -6.20856
            ],
            [
              106.825929,
              -6.208579
            ],
            [
              106.82488,
              -6.208399
            ],
            [
              106.823974,
              -6.208182
            ],
            [
              106.823201,
              -6.208087
            ],
            [
              106.82248,
              -6.208207
            ],
            [
              106.821699,
              -6.208534
            ],
            [
              106.820776,
              -6.208963
            ],
            [
              106.819696,
              -6.209322
            ],
            [
              106.81853,
              -6.209441
            ],
            [
              106.817413,
              -6.209204
            ],
            [
              106.816491,
              -6.208594
            ],
            [
              106.815867,
              -6.207685
            ],
            [
              106.815563,
              -6.20661
            ],
            [
              106.81551,
              -6.20551
            ],
            [
              106.815579,
              -6.204478
            ],
            [
              106.815634,
              -6.203536
            ],
            [
              106.815591,
              -6.20264
            ],
            [
              106.815448,
              -6.20172
            ],
            [
              106.815289,
              -6.200724
            ],
            [
              106.815251,
              -6.199663
            ],
            [
              106.815465,
              -6.198614
            ],
            [
              106.816005,
              -6.197701
            ],
            [
              106.816854,
              -6.197047
            ],
            [
              106.81791,
              -6.19672
            ],
            [
              106.819031,
              -6.196701
            ],
            [
              106.82008,
              -6.196881
            ],
            [
              106.820986,
              -6.197098
            ],
            [
              106.821759,
              -6.197193
            ],
            [
              106.82248,
              -6.197073
            ]
          ]
        ]
      },
      "properties": {
        "id": 1018,
        "point_id": 23,
        "duration_min": 10
      }
    },
    {
      "type": "Feature",
      "id": 1019,
      "geometry": {
        "type": "Polygon",
        "coordinates": [
          [
            [
              106.82312,
              -6.199647
            ],
            [
              106.823478,
              -6.199818
            ],
            [
              106.823761,
              -6.20014
            ],
            [
              106.823953,
              -6.20052
            ],
            [
              106.824081,
              -6.200865
            ],
            [
              106.824204,
              -6.201116
            ],
            [
              106.824384,
              -6.201264
            ],
            [
              106.824654,
              -6.20135
            ],
            [
              106.825001,
              -6.20144
            ],
            [
              106.825362,
              -6.201597
            ],
            [
              106.825648,
              -6.201847
            ],
            [
              106.825777,
              -6.202172
            ],
            [
              106.825707,
              -6.20252
            ],
            [
              106.825451,
              -6.202825
            ],
            [
              106.825078,
              -6.203042
            ],
            [
              106.824687,
              -6.203165
            ],
            [
              106.824371,
              -6.203238
            ],
            [
              106.824182,
              -6.20333
            ],
            [
              106.824117,
              -6.203512
            ],
            [
              106.824123,
              -6.20382
            ],
            [
              106.824119,
              -6.204239
            ],
            [
              106.824029,
              -6.204701
            ],
            [
              106.823817,
              -6.205104
            ],
            [
              106.823495,
              -6.205354
            ],
            [
              106.82312,
              -6.205393
            ],
            [
              106.822762,
              -6.205222
            ],
            [
              106.822479,
              -6.2049
            ],
            [
              106.822287,
              -6.20452
            ],
            [
              106.822159,
              -6.204175
            ],
            [
              106.822036,
              -6.203924
            ],
            [
              106.821856,
              -6.203776
            ],
            [
              106.821586,
              -6.20369
            ],
            [
              106.821239,
              -6.2036
            ],
            [
              106.820878,
              -6.203443
            ],
            [
              106.820592,
              -6.203193
            ],
            [
              106.820463,
              -6.202868
            ],
            [
              106.820533,
              -6.20252
            ],
            [
              106.820789,
              -6.202215
            ],
            [
              106.821162,
              -6.201998
            ],
            [
              106.821553,
              -6.201875
            ],
            [
              106.821869,
              -6.201802
            ],
            [
              106.822058,
              -6.20171
            ],
            [
              106.822123,
              -6.201528
            ],
            [
              106.822117,
              -6.20122
            ],
            [
              106.822121,
              -6.200801
            ],
            [
              106.822211,
              -6.200339
            ],
            [
              106.822423,
              -6.199936
            ],
            [
              106.822745,
              -6.199686
            ],
            [
              106.82312,
              -6.199647
            ]
          ]
        ]
      },
      "properties": {
        "id": 1019,
        "point_id": 24,
        "duration_min": 3
      }
    },
    {
      "type": "Feature",
      "id": 1020,
      "geometry": {
        "type": "Polygon",
        "coordinates": [
          [
            [
              106.82312,
              -6.199395
            ],
            [
              106.823573,
              -6.199098
            ],
            [
              106.824092,
              -6.198913
            ],
            [
              106.824626,
              -6.198906
            ],
            [
              106.825109,
              -6.199095
            ],
            [
              106.825488,
              -6.199452
            ],
            [
              106.825744,
              -6.199911
            ],
            [
              106.8259,
              -6.200399
            ],
            [
              106.826011,
              -6.20086
            ],
            [
              106.826143,
              -6.201275
            ],
            [
              106.826343,
              -6.201661
            ],
            [
              106.826617,
              -6.202062
            ],
            [
              106.826925,
              -6.20252
            ],
            [
              106.827192,
              -6.203053
            ],
            [
              106.827334,
              -6.203643
            ],
            [
              106.827286,
              -6.204236
            ],
            [
              106.827024,
              -6.204761
            ],
            [
              106.826574,
              -6.205154
            ],
            [
              106.826001,
              -6.205384
            ],
            [
              106.825387,
              -6.205458
            ],
            [
              106.824806,
              -6.205423
            ],
            [
              106.824298,
              -6.205346
            ],
            [
              106.823867,
              -6.205291
            ],
            [
              106.823487,
              -6.205293
            ],
            [
              106.82312,
              -6.205354
            ],
            [
              106.822733,
              -6.205441
            ],
            [
              106.822315,
              -6.205506
            ],
            [
              106.821877,
              -6.205504
            ],
            [
              106.821442,
              -6.20541
            ],
            [
              106.821033,
              -6.205223
            ],
            [
              106.82066,
              -6.204965
            ],
            [
              106.820314,
              -6.20466
            ],
            [
              106.819975,
              -6.204325
            ],
            [
              106.819627,
              -6.203958
            ],
            [
              106.819272,
              -6.203545
            ],
            [
              106.818943,
              -6.203067
            ],
            [
              106.818693,
              -6.20252
            ],
            [
              106.818589,
              -6.201927
            ],
            [
              106.818681,
              -6.201337
            ],
            [
              106.818984,
              -6.200817
            ],
            [
              106.819469,
              -6.200425
            ],
            [
              106.82007,
              -6.200193
            ],
            [
              106.820697,
              -6.200111
            ],
            [
              106.821271,
              -6.200124
            ],
            [
              106.821745,
              -6.200153
            ],
            [
              106.82212,
              -6.200119
            ],
            [
              106.822434,
              -6.199973
            ],
            [
              106.822749,
              -6.199715
            ],
            [
              106.82312,
              -6.199395
            ]
          ]
        ]
      },
      "properties": {
        "id": 1020,
        "point_id": 24,
        "duration_min": 5
      }
    },
    {
      "type": "Feature",
      "id": 1021,
      "geometry": {
        "type": "Polygon",
        "coordinates": [
          [
            [
              106.82312,
              -6.196649
            ],
            [
              106.823911,
              -6.19655
            ],
            [
              106.824753,
              -6.196462
            ],
            [
              106.825645,
              -6.19646
            ],
            [
              106.826552,
              -6.196611
            ],
            [
              106.827415,
              -6.196955
            ],
            [
              106.828172,
              -6.197498
            ],
            [
              106.828772,
              -6.198208
            ],
            [
              106.829196,
              -6.199032
            ],
            [
              106.829458,
              -6.19991
            ],
            [
              106.8296,
              -6.200794
            ],
            [
              106.829681,
              -6.201661
            ],
            [
              106.829755,
              -6.20252
            ],
            [
              106.829854,
              -6.203401
            ],
            [
              106.829972,
              -6.204345
            ],
            [
              106.830066,
              -6.20538
            ],
            [
              106.830065,
              -6.206506
            ],
            [
              106.829886,
              -6.207681
            ],
            [
              106.829463,
              -6.208825
            ],
            [
              106.828761,
              -6.209829
            ],
            [
              106.827799,
              -6.210577
            ],
            [
              106.826643,
              -6.210976
            ],
            [
              106.825399,
              -6.210975
            ],
            [
              106.824188,
              -6.210584
            ],
            [
              106.82312,
              -6.209874
            ],
            [
              106.822266,
              -6.208966
            ],
            [
              106.821643,
              -6.208001
            ],
            [
              106.821204,
              -6.207118
            ],
            [
              106.820859,
              -6.206413
            ],
            [
              106.82049,
              -6.205928
            ],
            [
              106.819986,
              -6.205636
            ],
            [
              106.819273,
              -6.205455
            ],
            [
              106.818336,
              -6.205266
            ],
            [
              106.817228,
              -6.204946
            ],
            [
              106.81606,
              -6.204401
            ],
            [
              106.81498,
              -6.203585
            ],
            [
              106.814143,
              -6.20252
            ],
            [
              106.813675,
              -6.201284
            ],
            [
              106.813649,
              -6.199997
            ],
            [
              106.814072,
              -6.198794
            ],
            [
              106.814883,
              -6.197792
            ],
            [
              106.815971,
              -6.197067
            ],
            [
              106.817202,
              -6.196637
            ],
            [
              106.818448,
              -6.196467
            ],
            [
              106.819612,
              -6.196479
            ],
            [
              106.820643,
              -6.196576
            ],
            [
              106.821543,
              -6.196669
            ],
            [
              106.822349,
              -6.196698
            ],
            [
              106.82312,
              -6.196649
            ]
          ]
        ]
      },
      "properties": {
        "id": 1021,
        "point_id": 24,
        "duration_min": 10
      }
    },
    {
      "type": "Feature",
      "id": 1022,
      "geometry": {
        "type": "Polygon",
        "coordinates": [
          [
            [
              106.8582,
              -6.224019
            ],
            [
              106.858457,
              -6.224063
            ],
            [
              106.858704,
              -6.224129
            ],
            [
              106.858953,
              -6.224192
            ],
            [
              106.859223,
              -6.224239
            ],
            [
              106.859526,
              -6.224282
            ],
            [
              106.859862,
              -6.224348
            ],
            [
              106.860206,
              -6.22447
            ],
            [
              106.860516,
              -6.224671
            ],
            [
              106.860743,
              -6.224953
            ],
            [
              106.860848,
              -6.225295
            ],
            [
              106.860817,
              -6.225658
            ],
            [
              106.860667,
              -6.226
            ],
            [
              106.860442,
              -6.226293
            ],
            [
              106.860197,
              -6.226532
            ],
            [
              106.859979,
              -6.226733
            ],
            [
              106.859812,
              -6.226925
            ],
            [
              106.859692,
              -6.227138
            ],
            [
              106.859589,
              -6.227381
            ],
            [
              106.859465,
              -6.227639
            ],
            [
              106.85929,
              -6.227877
            ],
            [
              106.859053,
              -6.228047
            ],
            [
              106.85877,
              -6.228116
            ],
            [
              106.858474,
              -6.228071
            ],
            [
              106.8582,
              -6.227935
            ],
            [
              106.857968,
              -6.227755
            ],
            [
              106.857772,
              -6.227587
            ],
            [
              106.857585,
              -6.227477
            ],
            [
              106.857363,
              -6.227441
            ],
            [
              106.857072,
              -6.227461
            ],
            [
              106.856701,
              -6.22749
            ],
            [
              106.856273,
              -6.22747
            ],
            [
              106.855844,
              -6.227352
            ],
            [
              106.855486,
              -6.227118
            ],
            [
              106.855267,
              -6.226781
            ],
            [
              106.855225,
              -6.226389
            ],
            [
              106.855361,
              -6.226
            ],
            [
              106.855635,
              -6.225664
            ],
            [
              106.85598,
              -6.225409
            ],
            [
              106.856329,
              -6.22523
            ],
            [
              106.856628,
              -6.225098
            ],
            [
              106.856855,
              -6.224974
            ],
            [
              106.85702,
              -6.224827
            ],
            [
              106.857154,
              -6.224645
            ],
            [
              106.857296,
              -6.224443
            ],
            [
              106.857472,
              -6.224252
            ],
            [
              106.857689,
              -6.224105
            ],
            [
              106.857939,
              -6.224027
            ],
            [
              106.8582,
              -6.224019
            ]
          ]
        ]
      },
      "properties": {
        "id": 1022,
        "point_id": 31,
        "duration_min": 3
      }
    },
    {
      "type": "Feature",
      "id": 1023,
      "geometry": {
        "type": "Polygon",
        "coordinates": [
          [
            [
              106.8582,
              -6.221591
            ],
            [
              106.858797,
              -6.221494
            ],
            [
              106.859371,
              -6.221656
            ],
            [
              106.85984,
              -6.222063
            ],
            [
              106.860149,
              -6.222645
            ],
            [
              106.860288,
              -6.223295
            ],
            [
              106.860307,
              -6.223905
            ],
            [
              106.860296,
              -6.224401
            ],
            [
              106.860358,
              -6.224761
            ],
            [
              106.860568,
              -6.225025
            ],
            [
              106.860947,
              -6.225268
            ],
            [
              106.86145,
              -6.225575
            ],
            [
              106.861973,
              -6.226
            ],
            [
              106.862392,
              -6.226549
            ],
            [
              106.862596,
              -6.227171
            ],
            [
              106.862524,
              -6.227781
            ],
            [
              106.862182,
              -6.228285
            ],
            [
              106.861636,
              -6.228621
            ],
            [
              106.860988,
              -6.228772
            ],
            [
              106.860344,
              -6.228778
            ],
            [
              106.859777,
              -6.228715
            ],
            [
              106.859312,
              -6.22867
            ],
            [
              106.858929,
              -6.228705
            ],
            [
              106.858576,
              -6.228842
            ],
            [
              106.8582,
              -6.229054
            ],
            [
              106.857766,
              -6.22928
            ],
            [
              106.857271,
              -6.229445
            ],
            [
              106.856745,
              -6.229491
            ],
            [
              106.856232,
              -6.229389
            ],
            [
              106.855773,
              -6.229145
            ],
            [
              106.855392,
              -6.228791
            ],
            [
              106.855093,
              -6.22837
            ],
            [
              106.854862,
              -6.227916
            ],
            [
              106.854683,
              -6.227448
            ],
            [
              106.854548,
              -6.226973
            ],
            [
              106.854469,
              -6.226488
            ],
            [
              106.854466,
              -6.226
            ],
            [
              106.85456,
              -6.225524
            ],
            [
              106.854761,
              -6.225084
            ],
            [
              106.855052,
              -6.224704
            ],
            [
              106.855398,
              -6.224392
            ],
            [
              106.855751,
              -6.224132
            ],
            [
              106.856074,
              -6.223886
            ],
            [
              106.856352,
              -6.223605
            ],
            [
              106.856604,
              -6.223252
            ],
            [
              106.856874,
              -6.222819
            ],
            [
              106.857214,
              -6.222344
            ],
            [
              106.857657,
              -6.221903
            ],
            [
              106.8582,
              -6.221591
            ]
          ]
        ]
      },
      "properties": {
        "id": 1023,
        "point_id": 31,
        "duration_min": 5
      }
    },
    {
      "type": "Feature",
      "id": 1024,
      "geometry": {
        "type": "Polygon",
        "coordinates": [
          [
            [
              106.8582,
              -6.218422
            ],
            [
              106.859206,
              -6.218404
            ],
            [
              106.860197,
              -6.218592
            ],
            [
              106.861105,
              -6.219028
            ],
            [
              106.861856,
              -6.219704
            ],
            [
              106.862403,
              -6.220554
            ],
            [
              106.862749,
              -6.221478
            ],
            [
              106.862954,
              -6.222374
            ],
            [
              106.863118,
              -6.223178
            ],
            [
              106.863346,
              -6.223881
            ],
            [
              106.863709,
              -6.224533
            ],
            [
              106.864213,
              -6.225213
            ],
            [
              106.864791,
              -6.226
            ],
            [
              106.865324,
              -6.226932
            ],
            [
              106.865676,
              -6.227991
            ],
            [
              106.865738,
              -6.229104
            ],
            [
              106.865463,
              -6.230168
            ],
            [
              106.864873,
              -6.23109
            ],
            [
              106.864047,
              -6.231813
            ],
            [
              106.86309,
              -6.232335
            ],
            [
              106.862092,
              -6.232701
            ],
            [
              106.861107,
              -6.232977
            ],
            [
              106.860145,
              -6.233215
            ],
            [
              106.859184,
              -6.233428
            ],
            [
              106.8582,
              -6.233578
            ],
            [
              106.857194,
              -6.233596
            ],
            [
              106.856203,
              -6.233408
            ],
            [
              106.855295,
              -6.232972
            ],
            [
              106.854544,
              -6.232296
            ],
            [
              106.853997,
              -6.231446
            ],
            [
              106.853651,
              -6.230522
            ],
            [
              106.853446,
              -6.229626
            ],
            [
              106.853282,
              -6.228822
            ],
            [
              106.853054,
              -6.228119
            ],
            [
              106.852691,
              -6.227467
            ],
            [
              106.852187,
              -6.226787
            ],
            [
              106.851609,
              -6.226
            ],
            [
              106.851076,
              -6.225068
            ],
            [
              106.850724,
              -6.224009
            ],
            [
              106.850662,
              -6.222896
            ],
            [
              106.850937,
              -6.221832
            ],
            [
              106.851527,
              -6.22091
            ],
            [
              106.852353,
              -6.220187
            ],
            [
              106.85331,
              -6.219665
            ],
            [
              106.854308,
              -6.219299
            ],
            [
              106.855293,
              -6.219023
            ],
            [
              106.856255,
              -6.218785
            ],
            [
              106.857216,
              -6.218572
            ],
            [
              106.8582,
              -6.218422
            ]
          ]
        ]
      },
      "properties": {
        "id": 1024,
        "point_id": 31,
        "duration_min": 10
      }
    },
    {
      "type": "Feature",
      "id": 1025,
      "geometry": {
        "type": "Polygon",
        "coordinates": [
          [
            [
              106.85868,
              -6.223996
            ],
            [
              106.858993,
              -6.223855
            ],
            [
              106.85932,
              -6.223846
            ],
            [
              106.859613,
              -6.223981
            ],
            [
              106.859833,
              -6.224235
            ],
            [
              106.859965,
              -6.224555
            ],
            [
              106.860027,
              -6.224881
            ],
            [
              106.860059,
              -6.225168
            ],
            [
              106.860111,
              -6.225399
            ],
            [
              106.86022,
              -6.225586
            ],
            [
              106.860396,
              -6.225763
            ],
            [
              106.860616,
              -6.225967
            ],
            [
              106.860835,
              -6.22622
            ],
            [
              106.860999,
              -6.226524
            ],
            [
              106.861068,
              -6.226856
            ],
            [
              106.861025,
              -6.227185
            ],
            [
              106.860879,
              -6.227482
            ],
            [
              106.860661,
              -6.227731
            ],
            [
              106.860406,
              -6.227936
            ],
            [
              106.86014,
              -6.228111
            ],
            [
              106.859872,
              -6.228272
            ],
            [
              106.859598,
              -6.228422
            ],
            [
              106.859307,
              -6.228547
            ],
            [
              106.858997,
              -6.228616
            ],
            [
              106.85868,
              -6.228598
            ],
            [
              106.858382,
              -6.228471
            ],
            [
              106.858135,
              -6.22824
            ],
            [
              106.857963,
              -6.22794
            ],
            [
              106.857865,
              -6.227623
            ],
            [
              106.857811,
              -6.227346
            ],
            [
              106.857749,
              -6.227146
            ],
            [
              106.85762,
              -6.227028
            ],
            [
              106.857383,
              -6.226964
            ],
            [
              106.857033,
              -6.226898
            ],
            [
              106.856608,
              -6.226772
            ],
            [
              106.856183,
              -6.226547
            ],
            [
              106.855849,
              -6.22622
            ],
            [
              106.855683,
              -6.225828
            ],
            [
              106.855724,
              -6.225433
            ],
            [
              106.855964,
              -6.225102
            ],
            [
              106.856346,
              -6.224881
            ],
            [
              106.85679,
              -6.224778
            ],
            [
              106.857214,
              -6.224763
            ],
            [
              106.857564,
              -6.224775
            ],
            [
              106.857826,
              -6.22475
            ],
            [
              106.858024,
              -6.224646
            ],
            [
              106.858205,
              -6.224457
            ],
            [
              106.858415,
              -6.22422
            ],
            [
              106.85868,
              -6.223996
            ]
          ]
        ]
      },
      "properties": {
        "id": 1025,
        "point_id": 32,
        "duration_min": 3
      }
    },
    {
      "type": "Feature",
      "id": 1026,
      "geometry": {
        "type": "Polygon",
        "coordinates": [
          [
            [
              106.85868,
              -6.223065
            ],
            [
              106.859063,
              -6.223326
            ],
            [
              106.859427,
              -6.223447
            ],
            [
              106.859834,
              -6.223451
            ],
            [
              106.860311,
              -6.223413
            ],
            [
              106.860834,
              -6.223429
            ],
            [
              106.861336,
              -6.223579
            ],
            [
              106.861731,
              -6.223893
            ],
            [
              106.861951,
              -6.224343
            ],
            [
              106.861979,
              -6.224862
            ],
            [
              106.861858,
              -6.225374
            ],
            [
              106.861678,
              -6.225828
            ],
            [
              106.861542,
              -6.22622
            ],
            [
              106.861527,
              -6.226593
            ],
            [
              106.861648,
              -6.227011
            ],
            [
              106.861857,
              -6.227528
            ],
            [
              106.862051,
              -6.228155
            ],
            [
              106.86212,
              -6.228844
            ],
            [
              106.861979,
              -6.2295
            ],
            [
              106.861605,
              -6.230009
            ],
            [
              106.86104,
              -6.230284
            ],
            [
              106.860377,
              -6.230292
            ],
            [
              106.859719,
              -6.230075
            ],
            [
              106.859145,
              -6.229728
            ],
            [
              106.85868,
              -6.229375
            ],
            [
              106.858297,
              -6.229114
            ],
            [
              106.857933,
              -6.228993
            ],
            [
              106.857526,
              -6.228989
            ],
            [
              106.857049,
              -6.229027
            ],
            [
              106.856526,
              -6.229011
            ],
            [
              106.856024,
              -6.228861
            ],
            [
              106.855629,
              -6.228547
            ],
            [
              106.855409,
              -6.228097
            ],
            [
              106.855381,
              -6.227578
            ],
            [
              106.855502,
              -6.227066
            ],
            [
              106.855682,
              -6.226612
            ],
            [
              106.855818,
              -6.22622
            ],
            [
              106.855833,
              -6.225847
            ],
            [
              106.855712,
              -6.225429
            ],
            [
              106.855503,
              -6.224912
            ],
            [
              106.855309,
              -6.224285
            ],
            [
              106.85524,
              -6.223596
            ],
            [
              106.855381,
              -6.22294
            ],
            [
              106.855755,
              -6.222431
            ],
            [
              106.85632,
              -6.222156
            ],
            [
              106.856983,
              -6.222148
            ],
            [
              106.857641,
              -6.222365
            ],
            [
              106.858215,
              -6.222712
            ],
            [
              106.85868,
              -6.223065
            ]
          ]
        ]
      },
      "properties": {
        "id": 1026,
        "point_id": 32,
        "duration_min": 5
      }
    },
    {
      "type": "Feature",
      "id": 1027,
      "geometry": {
        "type": "Polygon",
        "coordinates": [
          [
            [
              106.85868,
              -6.219395
            ],
            [
              106.859718,
              -6.218382
            ],
            [
              106.860946,
              -6.217814
            ],
            [
              106.862161,
              -6.217866
            ],
            [
              106.863148,
              -6.218527
            ],
            [
              106.863772,
              -6.219623
            ],
            [
              106.86404,
              -6.220891
            ],
            [
              106.864091,
              -6.222093
            ],
            [
              106.864134,
              -6.22309
            ],
            [
              106.864357,
              -6.223882
            ],
            [
              106.864838,
              -6.22458
            ],
            [
              106.865506,
              -6.225327
            ],
            [
              106.866169,
              -6.22622
            ],
            [
              106.866587,
              -6.227255
            ],
            [
              106.866574,
              -6.228323
            ],
            [
              106.866069,
              -6.229263
            ],
            [
              106.865166,
              -6.229942
            ],
            [
              106.864067,
              -6.230329
            ],
            [
              106.863006,
              -6.23052
            ],
            [
              106.862144,
              -6.230708
            ],
            [
              106.861517,
              -6.231105
            ],
            [
              106.861023,
              -6.231843
            ],
            [
              106.860481,
              -6.2329
            ],
            [
              106.859722,
              -6.234087
            ],
            [
              106.85868,
              -6.235102
            ],
            [
              106.857433,
              -6.235633
            ],
            [
              106.856186,
              -6.235473
            ],
            [
              106.855187,
              -6.234603
            ],
            [
              106.854624,
              -6.233204
            ],
            [
              106.854532,
              -6.231593
            ],
            [
              106.854766,
              -6.230111
            ],
            [
              106.855036,
              -6.229
            ],
            [
              106.855018,
              -6.228322
            ],
            [
              106.854478,
              -6.22795
            ],
            [
              106.853374,
              -6.227633
            ],
            [
              106.851886,
              -6.227109
            ],
            [
              106.850369,
              -6.22622
            ],
            [
              106.849234,
              -6.224984
            ],
            [
              106.848811,
              -6.223591
            ],
            [
              106.849233,
              -6.22233
            ],
            [
              106.850402,
              -6.221469
            ],
            [
              106.852025,
              -6.221144
            ],
            [
              106.853731,
              -6.2213
            ],
            [
              106.855196,
              -6.221707
            ],
            [
              106.856254,
              -6.222043
            ],
            [
              106.856931,
              -6.222022
            ],
            [
              106.857409,
              -6.221504
            ],
            [
              106.857929,
              -6.220547
            ],
            [
              106.85868,
              -6.219395
            ]
          ]
        ]
      },
      "properties": {
        "id": 1027,
        "point_id": 32,
        "duration_min": 10
      }
    },
    {
      "type": "Feature",
      "id": 1028,
      "geometry": {
        "type": "Polygon",
        "coordinates": [
          [
            [
              106.85835,
              -6.223939
            ],
            [
              106.858684,
              -6.224074
            ],
            [
              106.858968,
              -6.224306
            ],
            [
              106.859185,
              -6.224597
            ],
            [
              106.859336,
              -6.224902
            ],
            [
              106.859441,
              -6.225186
            ],
            [
              106.859531,
              -6.225426
            ],
            [
              106.859639,
              -6.225617
            ],
            [
              106.859788,
              -6.225774
            ],
            [
              106.85999,
              -6.225925
            ],
            [
              106.860232,
              -6.226099
            ],
            [
              106.860488,
              -6.22632
            ],
            [
              106.860715,
              -6.2266
            ],
            [
              106.860873,
              -6.22693
            ],
            [
              106.860926,
              -6.227286
            ],
            [
              106.860857,
              -6.227632
            ],
            [
              106.860668,
              -6.22793
            ],
            [
              106.860383,
              -6.228151
            ],
            [
              106.860039,
              -6.228279
            ],
            [
              106.859678,
              -6.22832
            ],
            [
              106.859336,
              -6.228298
            ],
            [
              106.859036,
              -6.228246
            ],
            [
              106.858782,
              -6.228204
            ],
            [
              106.858562,
              -6.228201
            ],
            [
              106.85835,
              -6.228251
            ],
            [
              106.858118,
              -6.228349
            ],
            [
              106.857846,
              -6.228471
            ],
            [
              106.857525,
              -6.22858
            ],
            [
              106.857167,
              -6.228636
            ],
            [
              106.856801,
              -6.228607
            ],
            [
              106.856464,
              -6.228475
            ],
            [
              106.856198,
              -6.228242
            ],
            [
              106.856032,
              -6.22793
            ],
            [
              106.855982,
              -6.227575
            ],
            [
              106.856043,
              -6.227215
            ],
            [
              106.856187,
              -6.226883
            ],
            [
              106.856378,
              -6.2266
            ],
            [
              106.856573,
              -6.226367
            ],
            [
              106.856736,
              -6.22617
            ],
            [
              106.856849,
              -6.225982
            ],
            [
              106.856912,
              -6.225774
            ],
            [
              106.856942,
              -6.225526
            ],
            [
              106.856972,
              -6.22523
            ],
            [
              106.857037,
              -6.224899
            ],
            [
              106.857167,
              -6.224564
            ],
            [
              106.857376,
              -6.224263
            ],
            [
              106.85766,
              -6.224039
            ],
            [
              106.857996,
              -6.223926
            ],
            [
              106.85835,
              -6.223939
            ]
          ]
        ]
      },
      "properties": {
        "id": 1028,
        "point_id": 33,
        "duration_min": 3
      }
    },
    {
      "type": "Feature",
      "id": 1029,
      "geometry": {
        "type": "Polygon",
        "coordinates": [
          [
            [
              106.85835,
              -6.223611
            ],
            [
              106.85869,
              -6.224034
            ],
            [
              106.858976,
              -6.224276
            ],
            [
              106.859292,
              -6.22434
            ],
            [
              106.859691,
              -6.224292
            ],
            [
              106.860176,
              -6.224234
            ],
            [
              106.860699,
              -6.224264
            ],
            [
              106.861181,
              -6.22444
            ],
            [
              106.861546,
              -6.224766
            ],
            [
              106.861751,
              -6.225199
            ],
            [
              106.861808,
              -6.225679
            ],
            [
              106.861771,
              -6.226152
            ],
            [
              106.861714,
              -6.2266
            ],
            [
              106.861699,
              -6.227038
            ],
            [
              106.861748,
              -6.227505
            ],
            [
              106.861829,
              -6.228033
            ],
            [
              106.861875,
              -6.228623
            ],
            [
              106.861806,
              -6.229236
            ],
            [
              106.861565,
              -6.229796
            ],
            [
              106.861142,
              -6.230217
            ],
            [
              106.860578,
              -6.230436
            ],
            [
              106.859949,
              -6.230437
            ],
            [
              106.859337,
              -6.230263
            ],
            [
              106.8588,
              -6.229998
            ],
            [
              106.85835,
              -6.229741
            ],
            [
              106.857957,
              -6.229564
            ],
            [
              106.85757,
              -6.229494
            ],
            [
              106.857143,
              -6.229497
            ],
            [
              106.856666,
              -6.2295
            ],
            [
              106.856173,
              -6.22942
            ],
            [
              106.855734,
              -6.229201
            ],
            [
              106.855422,
              -6.228833
            ],
            [
              106.855287,
              -6.228358
            ],
            [
              106.855322,
              -6.227847
            ],
            [
              106.855466,
              -6.227368
            ],
            [
              106.855617,
              -6.226958
            ],
            [
              106.855673,
              -6.2266
            ],
            [
              106.855572,
              -6.226236
            ],
            [
              106.855317,
              -6.225792
            ],
            [
              106.854983,
              -6.225214
            ],
            [
              106.854692,
              -6.224501
            ],
            [
              106.854573,
              -6.223719
            ],
            [
              106.854715,
              -6.222986
            ],
            [
              106.855136,
              -6.222436
            ],
            [
              106.855779,
              -6.222173
            ],
            [
              106.856531,
              -6.222234
            ],
            [
              106.857265,
              -6.222575
            ],
            [
              106.857884,
              -6.223082
            ],
            [
              106.85835,
              -6.223611
            ]
          ]
        ]
      },
      "properties": {
        "id": 1029,
        "point_id": 33,
        "duration_min": 5
      }
    },
    {
      "type": "Feature",
      "id": 1030,
      "geometry": {
        "type": "Polygon",
        "coordinates": [
          [
            [
              106.85835,
              -6.217795
            ],
            [
              106.859585,
              -6.217273
            ],
            [
              106.860834,
              -6.217384
            ],
            [
              106.861892,
              -6.2181
            ],
            [
              106.862621,
              -6.219246
            ],
            [
              106.863006,
              -6.220568
            ],
            [
              106.863157,
              -6.221821
            ],
            [
              106.863264,
              -6.222851
            ],
            [
              106.863521,
              -6.223632
            ],
            [
              106.86404,
              -6.224257
            ],
            [
              106.864804,
              -6.224881
            ],
            [
              106.865664,
              -6.225643
            ],
            [
              106.866392,
              -6.2266
            ],
            [
              106.866762,
              -6.227701
            ],
            [
              106.866634,
              -6.228807
            ],
            [
              106.866,
              -6.22975
            ],
            [
              106.864985,
              -6.230408
            ],
            [
              106.863798,
              -6.230755
            ],
            [
              106.862655,
              -6.230879
            ],
            [
              106.861704,
              -6.230945
            ],
            [
              106.860981,
              -6.23113
            ],
            [
              106.860414,
              -6.231553
            ],
            [
              106.859866,
              -6.232224
            ],
            [
              106.859203,
              -6.233037
            ],
            [
              106.85835,
              -6.23381
            ],
            [
              106.857324,
              -6.234347
            ],
            [
              106.856217,
              -6.234512
            ],
            [
              106.855155,
              -6.234268
            ],
            [
              106.854237,
              -6.233682
            ],
            [
              106.853498,
              -6.232886
            ],
            [
              106.852899,
              -6.232019
            ],
            [
              106.852355,
              -6.231173
            ],
            [
              106.851789,
              -6.230366
            ],
            [
              106.851178,
              -6.229553
            ],
            [
              106.850585,
              -6.228668
            ],
            [
              106.850138,
              -6.227675
            ],
            [
              106.849993,
              -6.2266
            ],
            [
              106.850257,
              -6.225541
            ],
            [
              106.850946,
              -6.224628
            ],
            [
              106.851958,
              -6.223968
            ],
            [
              106.853105,
              -6.22359
            ],
            [
              106.854174,
              -6.223415
            ],
            [
              106.855006,
              -6.223275
            ],
            [
              106.855548,
              -6.22297
            ],
            [
              106.855877,
              -6.222342
            ],
            [
              106.856163,
              -6.221351
            ],
            [
              106.856598,
              -6.220101
            ],
            [
              106.85732,
              -6.21882
            ],
            [
              106.85835,
              -6.217795
            ]
          ]
        ]
      },
      "properties": {
        "id": 1030,
        "point_id": 33,
        "duration_min": 10
      }
    }
  ]
}